file_name,ethnic
clean_dataset/helen_1/288344083_1_0.jpg,1
clean_dataset/helen_1/301384259_1_0.jpg,2
clean_dataset/helen_1/100032540_1_0.jpg,2
clean_dataset/helen_1/100040721_1_0.jpg,2
clean_dataset/helen_1/100040721_2_0.jpg,2
clean_dataset/helen_1/1002681492_1_0.jpg,2
clean_dataset/helen_1/1004467229_1_0.jpg,2
clean_dataset/helen_1/100466187_1_0.jpg,2
clean_dataset/helen_1/100843687_1_0.jpg,1
clean_dataset/helen_1/1012675629_2_0.jpg,2
clean_dataset/helen_1/1018882799_1_0.jpg,1
clean_dataset/helen_1/1021890651_1_0.jpg,2
clean_dataset/helen_1/103236168_1_0.jpg,2
clean_dataset/helen_1/103236168_2_0.jpg,2
clean_dataset/helen_1/1033312112_1_0.jpg,2
clean_dataset/helen_1/1033312288_1_0.jpg,2
clean_dataset/helen_1/103887554_1_0.jpg,2
clean_dataset/helen_1/10405146_1_0.jpg,2
clean_dataset/helen_1/10405299_1_0.jpg,2
clean_dataset/helen_1/10405424_1_0.jpg,2
clean_dataset/helen_1/10406776_1_0.jpg,2
clean_dataset/helen_1/10407038_1_0.jpg,2
clean_dataset/helen_1/104074861_1_0.jpg,2
clean_dataset/helen_1/1045887134_1_0.jpg,2
clean_dataset/helen_1/1050957686_1_0.jpg,2
clean_dataset/helen_1/1050957686_2_0.jpg,1
clean_dataset/helen_1/106326063_1_0.jpg,2
clean_dataset/helen_1/106348540_1_0.jpg,0
clean_dataset/helen_1/106393487_1_0.jpg,1
clean_dataset/helen_1/10697993_1_0.jpg,2
clean_dataset/helen_1/1070861406_1_0.jpg,1
clean_dataset/helen_1/107288942_1_0.jpg,0
clean_dataset/helen_1/107635070_1_0.jpg,2
clean_dataset/helen_1/1079156334_1_0.jpg,2
clean_dataset/helen_1/108349477_1_0.jpg,2
clean_dataset/helen_1/1084919955_1_0.jpg,2
clean_dataset/helen_1/109209934_1_0.jpg,1
clean_dataset/helen_1/1092587063_1_0.jpg,2
clean_dataset/helen_1/110520830_5_0.jpg,0
clean_dataset/helen_1/110520830_5_1.jpg,2
clean_dataset/helen_1/110520830_6_0.jpg,2
clean_dataset/helen_1/110592002_1_0.jpg,2
clean_dataset/helen_1/110890106_1_0.jpg,2
clean_dataset/helen_1/1110051647_1_0.jpg,2
clean_dataset/helen_1/1110051647_2_0.jpg,1
clean_dataset/helen_1/1111575413_1_0.jpg,2
clean_dataset/helen_1/1112052992_1_0.jpg,2
clean_dataset/helen_1/111247636_1_0.jpg,2
clean_dataset/helen_1/111287440_1_0.jpg,2
clean_dataset/helen_1/111510095_1_0.jpg,2
clean_dataset/helen_1/1115234911_1_0.jpg,1
clean_dataset/helen_1/111714273_1_0.jpg,2
clean_dataset/helen_1/111835766_1_0.jpg,0
clean_dataset/helen_1/111835766_1_1.jpg,0
clean_dataset/helen_1/111836119_1_0.jpg,0
clean_dataset/helen_1/110886318_1_0.jpg,2
clean_dataset/helen_1/1125456779_1_0.jpg,2
clean_dataset/helen_1/1163855977_1_0.jpg,1
clean_dataset/helen_1/1207566864_1_0.jpg,2
clean_dataset/helen_1/1234292822_1_0.jpg,2
clean_dataset/helen_1/13601448_1_0.jpg,0
clean_dataset/helen_1/146978430_1_0.jpg,2
clean_dataset/helen_1/164260909_1_0.jpg,2
clean_dataset/helen_1/173808384_2_0.jpg,2
clean_dataset/helen_1/188293705_1_0.jpg,2
clean_dataset/helen_1/203328057_1_0.jpg,2
clean_dataset/helen_1/212515669_1_0.jpg,2
clean_dataset/helen_1/221278406_1_0.jpg,2
clean_dataset/helen_1/232194_1_0.jpg,2
clean_dataset/helen_1/240281904_3_0.jpg,2
clean_dataset/helen_1/250246725_1_0.jpg,2
clean_dataset/helen_1/276753589_1_0.jpg,1
clean_dataset/helen_1/280470249_1_0.jpg,2
clean_dataset/helen_1/296814969_2_0.jpg,1
clean_dataset/helen_1/302148352_1_0.jpg,2
clean_dataset/helen_1/112655203_1_0.jpg,2
clean_dataset/helen_1/1128654081_1_0.jpg,2
clean_dataset/helen_1/1142136696_1_0.jpg,2
clean_dataset/helen_1/114226877_1_0.jpg,2
clean_dataset/helen_1/1144216773_1_0.jpg,2
clean_dataset/helen_1/114487865_1_0.jpg,2
clean_dataset/helen_1/114501272_1_0.jpg,2
clean_dataset/helen_1/114530171_1_0.jpg,2
clean_dataset/helen_1/1150779944_1_0.jpg,2
clean_dataset/helen_1/11564757_1_0.jpg,2
clean_dataset/helen_1/11564757_2_0.jpg,1
clean_dataset/helen_1/115774957_1_0.jpg,2
clean_dataset/helen_1/1160859039_1_0.jpg,2
clean_dataset/helen_1/1165647416_1_0.jpg,2
clean_dataset/helen_1/1166270350_1_0.jpg,2
clean_dataset/helen_1/117402372_1_0.jpg,1
clean_dataset/helen_1/117518507_1_0.jpg,2
clean_dataset/helen_1/117634057_1_0.jpg,1
clean_dataset/helen_1/117932364_1_0.jpg,2
clean_dataset/helen_1/1181568002_1_0.jpg,2
clean_dataset/helen_1/118554337_1_0.jpg,2
clean_dataset/helen_1/118736691_1_0.jpg,2
clean_dataset/helen_1/118736733_2_0.jpg,2
clean_dataset/helen_1/118737215_1_0.jpg,2
clean_dataset/helen_1/1188369899_1_0.jpg,2
clean_dataset/helen_1/1195037433_1_0.jpg,1
clean_dataset/helen_1/1198061571_1_0.jpg,2
clean_dataset/helen_1/1199742157_1_0.jpg,2
clean_dataset/helen_1/1207662328_2_0.jpg,2
clean_dataset/helen_1/120801881_1_0.jpg,2
clean_dataset/helen_1/1212934783_1_0.jpg,2
clean_dataset/helen_1/121442928_1_1.jpg,1
clean_dataset/helen_1/121720434_1_0.jpg,2
clean_dataset/helen_1/1218567979_2_0.jpg,2
clean_dataset/helen_1/1218567979_2_1.jpg,2
clean_dataset/helen_1/1218567979_3_0.jpg,2
clean_dataset/helen_1/1220825867_1_0.jpg,2
clean_dataset/helen_1/122276700_1_0.jpg,2
clean_dataset/helen_1/1227072121_1_0.jpg,2
clean_dataset/helen_1/122942927_1_0.jpg,0
clean_dataset/helen_1/1233476865_1_0.jpg,2
clean_dataset/helen_1/1238081332_1_0.jpg,2
clean_dataset/helen_1/1238488784_1_0.jpg,1
clean_dataset/helen_1/1240746154_1_0.jpg,2
clean_dataset/helen_1/1242475639_1_0.jpg,1
clean_dataset/helen_1/12425820_1_0.jpg,2
clean_dataset/helen_1/12425820_1_1.jpg,1
clean_dataset/helen_1/124399360_1_0.jpg,2
clean_dataset/helen_1/124787194_1_0.jpg,0
clean_dataset/helen_1/1252885598_1_0.jpg,2
clean_dataset/helen_1/1259817140_1_0.jpg,2
clean_dataset/helen_1/126229661_1_0.jpg,2
clean_dataset/helen_1/1263447841_1_0.jpg,2
clean_dataset/helen_1/1265948983_1_0.jpg,0
clean_dataset/helen_1/1265969136_1_0.jpg,0
clean_dataset/helen_1/1266283652_2_0.jpg,2
clean_dataset/helen_1/126968967_1_0.jpg,2
clean_dataset/helen_1/1269816217_1_0.jpg,2
clean_dataset/helen_1/1269874180_1_0.jpg,2
clean_dataset/helen_1/1270609209_1_0.jpg,1
clean_dataset/helen_1/1270609209_1_1.jpg,1
clean_dataset/helen_1/1270798682_2_0.jpg,2
clean_dataset/helen_1/1271089376_1_0.jpg,2
clean_dataset/helen_1/1271089376_1_1.jpg,2
clean_dataset/helen_1/1271089376_2_0.jpg,2
clean_dataset/helen_1/1271089376_2_1.jpg,2
clean_dataset/helen_1/127567332_1_0.jpg,0
clean_dataset/helen_1/127627778_1_0.jpg,1
clean_dataset/helen_1/1279298224_1_0.jpg,2
clean_dataset/helen_1/128244378_1_0.jpg,2
clean_dataset/helen_1/129408727_1_0.jpg,2
clean_dataset/helen_1/129408727_1_1.jpg,2
clean_dataset/helen_1/129594949_1_0.jpg,2
clean_dataset/helen_1/130361594_1_0.jpg,2
clean_dataset/helen_1/130625688_1_0.jpg,1
clean_dataset/helen_1/130927718_1_0.jpg,2
clean_dataset/helen_1/131787989_1_0.jpg,1
clean_dataset/helen_1/131853693_1_0.jpg,2
clean_dataset/helen_1/133275383_1_0.jpg,2
clean_dataset/helen_1/133275413_1_0.jpg,2
clean_dataset/helen_1/134979550_1_0.jpg,2
clean_dataset/helen_1/135246139_1_0.jpg,2
clean_dataset/helen_1/13601258_1_0.jpg,0
clean_dataset/helen_1/13601661_1_0.jpg,0
clean_dataset/helen_1/13602254_1_0.jpg,0
clean_dataset/helen_1/13653802_1_0.jpg,1
clean_dataset/helen_1/137346980_1_0.jpg,2
clean_dataset/helen_1/13789611_1_0.jpg,0
clean_dataset/helen_1/13970241_1_0.jpg,2
clean_dataset/helen_1/140606432_1_0.jpg,2
clean_dataset/helen_1/142661608_1_0.jpg,2
clean_dataset/helen_1/143196796_1_0.jpg,2
clean_dataset/helen_1/143950153_1_0.jpg,0
clean_dataset/helen_1/14403172_1_0.jpg,2
clean_dataset/helen_1/146623854_1_0.jpg,2
clean_dataset/helen_1/146827737_1_0.jpg,0
clean_dataset/helen_1/146978430_2_0.jpg,2
clean_dataset/helen_1/147110327_1_0.jpg,2
clean_dataset/helen_1/147226455_1_0.jpg,2
clean_dataset/helen_1/148348993_1_0.jpg,0
clean_dataset/helen_1/148351850_1_0.jpg,2
clean_dataset/helen_1/149162488_1_0.jpg,2
clean_dataset/helen_1/149773224_1_0.jpg,0
clean_dataset/helen_1/150324675_1_0.jpg,1
clean_dataset/helen_1/150557677_1_0.jpg,2
clean_dataset/helen_1/150766294_1_0.jpg,1
clean_dataset/helen_1/150766294_2_0.jpg,2
clean_dataset/helen_1/151902153_1_0.jpg,1
clean_dataset/helen_1/151905797_1_0.jpg,1
clean_dataset/helen_1/151906456_1_0.jpg,1
clean_dataset/helen_1/15451707_1_0.jpg,0
clean_dataset/helen_1/154598717_1_0.jpg,1
clean_dataset/helen_1/154598718_1_0.jpg,1
clean_dataset/helen_1/155093594_1_0.jpg,2
clean_dataset/helen_1/155271502_1_0.jpg,2
clean_dataset/helen_1/155338254_1_0.jpg,2
clean_dataset/helen_1/155393981_1_0.jpg,2
clean_dataset/helen_1/158249995_1_0.jpg,2
clean_dataset/helen_1/160529391_1_0.jpg,0
clean_dataset/helen_1/160565613_2_0.jpg,2
clean_dataset/helen_1/161795809_1_0.jpg,2
clean_dataset/helen_1/1629243_1_0.jpg,2
clean_dataset/helen_1/16422719_1_0.jpg,2
clean_dataset/helen_1/164866565_1_0.jpg,2
clean_dataset/helen_1/16542667_1_0.jpg,2
clean_dataset/helen_1/16547388_1_0.jpg,2
clean_dataset/helen_1/166033328_1_0.jpg,2
clean_dataset/helen_1/166874039_1_0.jpg,1
clean_dataset/helen_1/166874696_1_0.jpg,1
clean_dataset/helen_1/167604947_1_0.jpg,0
clean_dataset/helen_1/167671232_1_0.jpg,2
clean_dataset/helen_1/1691766_1_0.jpg,0
clean_dataset/helen_1/169346774_1_0.jpg,1
clean_dataset/helen_1/169346774_2_0.jpg,1
clean_dataset/helen_1/169598954_1_0.jpg,0
clean_dataset/helen_1/170508172_1_0.jpg,2
clean_dataset/helen_1/170803072_1_0.jpg,2
clean_dataset/helen_1/171198578_2_0.jpg,0
clean_dataset/helen_1/171907511_1_0.jpg,2
clean_dataset/helen_1/171907511_2_0.jpg,2
clean_dataset/helen_1/171907511_2_1.jpg,2
clean_dataset/helen_1/17192052_1_0.jpg,2
clean_dataset/helen_1/172183000_1_0.jpg,2
clean_dataset/helen_1/172375929_1_0.jpg,2
clean_dataset/helen_1/172972325_1_0.jpg,0
clean_dataset/helen_1/173153701_2_0.jpg,0
clean_dataset/helen_1/173153769_1_0.jpg,0
clean_dataset/helen_1/17349955_1_0.jpg,2
clean_dataset/helen_1/173744986_1_0.jpg,2
clean_dataset/helen_1/173744986_2_0.jpg,2
clean_dataset/helen_1/173808384_1_0.jpg,2
clean_dataset/helen_1/17464842_1_0.jpg,2
clean_dataset/helen_1/175991309_2_0.jpg,2
clean_dataset/helen_1/178046512_1_0.jpg,2
clean_dataset/helen_1/178428696_1_0.jpg,2
clean_dataset/helen_1/179820698_1_0.jpg,2
clean_dataset/helen_1/180986261_1_0.jpg,1
clean_dataset/helen_1/181707205_1_0.jpg,2
clean_dataset/helen_1/181839385_1_0.jpg,1
clean_dataset/helen_1/182573594_1_0.jpg,2
clean_dataset/helen_1/182804431_1_0.jpg,2
clean_dataset/helen_1/183204955_1_0.jpg,2
clean_dataset/helen_1/185377791_1_0.jpg,2
clean_dataset/helen_1/185577937_1_0.jpg,0
clean_dataset/helen_1/186403955_1_0.jpg,1
clean_dataset/helen_1/190620212_1_0.jpg,2
clean_dataset/helen_1/193929298_1_0.jpg,1
clean_dataset/helen_1/194136419_1_0.jpg,0
clean_dataset/helen_1/194574878_1_0.jpg,1
clean_dataset/helen_1/194833666_1_0.jpg,2
clean_dataset/helen_1/19618587_1_0.jpg,1
clean_dataset/helen_1/199718034_1_0.jpg,2
clean_dataset/helen_1/200506188_1_0.jpg,2
clean_dataset/helen_1/200748267_1_0.jpg,1
clean_dataset/helen_1/201678202_1_0.jpg,2
clean_dataset/helen_1/202516196_1_0.jpg,2
clean_dataset/helen_1/20315024_1_0.jpg,0
clean_dataset/helen_1/20315024_2_0.jpg,0
clean_dataset/helen_1/206273130_1_0.jpg,2
clean_dataset/helen_1/206283602_2_0.jpg,0
clean_dataset/helen_1/206413799_1_0.jpg,0
clean_dataset/helen_1/206448817_1_0.jpg,2
clean_dataset/helen_1/206905865_1_0.jpg,2
clean_dataset/helen_1/206906451_1_0.jpg,1
clean_dataset/helen_1/206907279_1_0.jpg,2
clean_dataset/helen_1/208796082_1_0.jpg,1
clean_dataset/helen_1/209833308_1_0.jpg,2
clean_dataset/helen_1/210422851_1_0.jpg,1
clean_dataset/helen_1/211373432_1_0.jpg,2
clean_dataset/helen_1/21161074_1_0.jpg,2
clean_dataset/helen_1/212409770_1_0.jpg,0
clean_dataset/helen_1/212515672_1_0.jpg,1
clean_dataset/helen_1/212960843_1_0.jpg,2
clean_dataset/helen_1/213033315_1_0.jpg,1
clean_dataset/helen_1/213033657_1_0.jpg,1
clean_dataset/helen_1/213034581_1_0.jpg,1
clean_dataset/helen_1/213034733_1_0.jpg,1
clean_dataset/helen_1/213440091_1_0.jpg,2
clean_dataset/helen_1/213442073_1_0.jpg,2
clean_dataset/helen_1/213643624_2_0.jpg,0
clean_dataset/helen_1/213729601_1_0.jpg,2
clean_dataset/helen_1/214426541_2_0.jpg,2
clean_dataset/helen_1/214426541_2_1.jpg,2
clean_dataset/helen_1/21582960_1_0.jpg,2
clean_dataset/helen_1/216195276_1_0.jpg,2
clean_dataset/helen_1/21705205_1_0.jpg,0
clean_dataset/helen_1/21710996_1_0.jpg,0
clean_dataset/helen_1/218904413_1_0.jpg,2
clean_dataset/helen_1/218904413_2_0.jpg,2
clean_dataset/helen_1/218904494_1_0.jpg,2
clean_dataset/helen_1/219669940_1_0.jpg,0
clean_dataset/helen_1/219709038_1_0.jpg,2
clean_dataset/helen_1/221068652_2_0.jpg,0
clean_dataset/helen_1/221068652_3_0.jpg,0
clean_dataset/helen_1/221174143_1_0.jpg,2
clean_dataset/helen_1/221238636_1_0.jpg,0
clean_dataset/helen_1/221272641_1_0.jpg,0
clean_dataset/helen_1/221629697_1_0.jpg,2
clean_dataset/helen_1/224036417_1_0.jpg,2
clean_dataset/helen_1/224036417_1_1.jpg,2
clean_dataset/helen_1/224036417_2_0.jpg,1
clean_dataset/helen_1/224690170_1_0.jpg,2
clean_dataset/helen_1/224905605_1_0.jpg,2
clean_dataset/helen_1/227943776_1_0.jpg,2
clean_dataset/helen_1/22864555_1_0.jpg,2
clean_dataset/helen_1/228950047_1_0.jpg,2
clean_dataset/helen_1/22920624_1_0.jpg,2
clean_dataset/helen_1/230131544_1_0.jpg,2
clean_dataset/helen_1/230420772_1_0.jpg,1
clean_dataset/helen_1/230499681_1_0.jpg,2
clean_dataset/helen_1/230501201_1_0.jpg,2
clean_dataset/helen_1/231292975_1_0.jpg,2
clean_dataset/helen_1/232329021_1_0.jpg,2
clean_dataset/helen_1/232750395_1_0.jpg,2
clean_dataset/helen_1/233470867_1_0.jpg,2
clean_dataset/helen_1/235551382_1_0.jpg,2
clean_dataset/helen_1/236505163_1_0.jpg,2
clean_dataset/helen_1/236817064_1_0.jpg,2
clean_dataset/helen_1/237212549_1_0.jpg,2
clean_dataset/helen_1/23739492_1_0.jpg,2
clean_dataset/helen_1/237609288_1_0.jpg,0
clean_dataset/helen_1/237609290_1_0.jpg,0
clean_dataset/helen_1/238277879_1_0.jpg,2
clean_dataset/helen_1/240281904_1_0.jpg,2
clean_dataset/helen_1/240281904_2_0.jpg,2
clean_dataset/helen_1/240281904_2_1.jpg,2
clean_dataset/helen_1/241618266_1_0.jpg,2
clean_dataset/helen_1/243214217_1_0.jpg,1
clean_dataset/helen_1/243232372_1_0.jpg,1
clean_dataset/helen_1/243232376_1_0.jpg,1
clean_dataset/helen_1/243761838_1_0.jpg,2
clean_dataset/helen_1/245873250_1_0.jpg,1
clean_dataset/helen_1/24729177_1_0.jpg,2
clean_dataset/helen_1/248228146_1_0.jpg,2
clean_dataset/helen_1/248255433_1_0.jpg,2
clean_dataset/helen_1/249852286_1_0.jpg,0
clean_dataset/helen_1/249852286_2_0.jpg,0
clean_dataset/helen_1/249871116_1_1.jpg,2
clean_dataset/helen_1/252976245_1_0.jpg,2
clean_dataset/helen_1/254040505_1_0.jpg,1
clean_dataset/helen_1/258914311_1_0.jpg,2
clean_dataset/helen_1/260290844_1_0.jpg,2
clean_dataset/helen_1/260290849_1_0.jpg,2
clean_dataset/helen_1/26041966_1_0.jpg,0
clean_dataset/helen_1/26041966_2_0.jpg,2
clean_dataset/helen_1/26041966_2_1.jpg,0
clean_dataset/helen_1/262545392_1_0.jpg,2
clean_dataset/helen_1/262545511_1_0.jpg,2
clean_dataset/helen_1/263567973_1_0.jpg,1
clean_dataset/helen_1/265196793_1_0.jpg,2
clean_dataset/helen_1/266036271_1_0.jpg,1
clean_dataset/helen_1/26605529_1_0.jpg,2
clean_dataset/helen_1/26638112_1_0.jpg,2
clean_dataset/helen_1/268625316_1_0.jpg,2
clean_dataset/helen_1/268628556_1_0.jpg,2
clean_dataset/helen_1/269968666_1_0.jpg,2
clean_dataset/helen_1/271207560_1_0.jpg,2
clean_dataset/helen_1/271207626_1_0.jpg,0
clean_dataset/helen_1/271207685_1_0.jpg,2
clean_dataset/helen_1/271207741_1_0.jpg,0
clean_dataset/helen_1/271580597_1_0.jpg,2
clean_dataset/helen_1/273476938_1_0.jpg,2
clean_dataset/helen_1/27409477_1_0.jpg,2
clean_dataset/helen_1/288343911_2_0.jpg,2
clean_dataset/helen_1/296814969_2_3.jpg,2
clean_dataset/helen_1/30844800_1_0.jpg,2
clean_dataset/helen_1/274928922_1_1.jpg,2
clean_dataset/helen_1/300840911_1_0.jpg,1
clean_dataset/helen_1/283895953_1_0.jpg,0
clean_dataset/helen_1/288343911_2_1.jpg,1
clean_dataset/helen_1/30427236_2_0.jpg,2
clean_dataset/helen_1/280005501_1_0.jpg,2
clean_dataset/helen_1/280469750_1_0.jpg,2
clean_dataset/helen_1/305612849_1_1.jpg,2
clean_dataset/helen_1/278735612_1_0.jpg,2
clean_dataset/helen_1/280005127_1_0.jpg,2
clean_dataset/helen_1/284499652_1_0.jpg,2
clean_dataset/helen_1/288344083_2_0.jpg,1
clean_dataset/helen_1/274928922_1_0.jpg,2
clean_dataset/helen_1/300852540_1_0.jpg,2
clean_dataset/helen_1/294910692_1_0.jpg,2
clean_dataset/helen_1/296814969_3_0.jpg,1
clean_dataset/helen_1/290160311_1_0.jpg,2
clean_dataset/helen_1/296961468_1_0.jpg,2
clean_dataset/helen_1/30427236_1_1.jpg,2
clean_dataset/helen_1/291331356_1_1.jpg,1
clean_dataset/helen_1/291888779_1_0.jpg,2
clean_dataset/helen_1/297461011_1_0.jpg,2
clean_dataset/helen_1/318440234_1_0.jpg,0
clean_dataset/helen_1/296814969_1_1.jpg,1
clean_dataset/helen_1/276823387_1_0.jpg,2
clean_dataset/helen_1/299527853_1_0.jpg,2
clean_dataset/helen_1/292071013_1_0.jpg,0
clean_dataset/helen_1/280469983_1_0.jpg,2
clean_dataset/helen_1/288346752_1_0.jpg,1
clean_dataset/helen_1/302142598_1_0.jpg,2
clean_dataset/helen_1/279534306_1_0.jpg,2
clean_dataset/helen_1/298620293_1_0.jpg,2
clean_dataset/helen_1/299189676_1_0.jpg,1
clean_dataset/helen_1/313914487_1_0.jpg,2
clean_dataset/helen_1/278735612_1_1.jpg,2
clean_dataset/helen_1/277942089_1_0.jpg,2
clean_dataset/helen_1/325564774_1_0.jpg,2
clean_dataset/helen_1/280470249_1_1.jpg,2
clean_dataset/helen_1/30542618_1_0.jpg,2
clean_dataset/helen_1/288344083_3_0.jpg,1
clean_dataset/helen_1/30427236_1_0.jpg,2
clean_dataset/helen_1/293279342_1_0.jpg,2
clean_dataset/helen_1/277967015_1_0.jpg,2
clean_dataset/helen_1/274928922_2_1.jpg,2
clean_dataset/helen_1/289029016_1_0.jpg,2
clean_dataset/helen_1/31681454_1_0.jpg,2
clean_dataset/helen_1/296814969_1_0.jpg,1
clean_dataset/helen_1/275252906_1_0.jpg,2
clean_dataset/helen_1/323855036_4_0.jpg,2
clean_dataset/helen_1/295960450_1_0.jpg,1
clean_dataset/helen_1/280005282_1_0.jpg,2
clean_dataset/helen_1/288094234_1_0.jpg,2
clean_dataset/helen_1/274928922_2_0.jpg,2
clean_dataset/helen_1/305917477_1_0.jpg,1
clean_dataset/helen_1/2908549_1_0.jpg,0
clean_dataset/helen_1/302142585_1_0.jpg,2
clean_dataset/helen_1/278735612_2_1.jpg,2
clean_dataset/helen_1/308315761_2_0.jpg,2
clean_dataset/helen_1/277485584_1_0.jpg,2
clean_dataset/helen_1/278735612_2_0.jpg,2
clean_dataset/helen_1/315336719_1_0.jpg,1
clean_dataset/helen_1/308315761_1_0.jpg,2
clean_dataset/helen_1/288343911_1_1.jpg,1
clean_dataset/helen_1/292114712_1_0.jpg,2
clean_dataset/helen_1/279233131_1_0.jpg,0
clean_dataset/helen_1/288343911_1_0.jpg,1
clean_dataset/helen_1/307494478_1_0.jpg,2
clean_dataset/helen_1/296814969_2_2.jpg,1
clean_dataset/helen_1/305917477_2_0.jpg,1
clean_dataset/helen_1/275326542_1_0.jpg,2
clean_dataset/helen_2/1440954129_1_0.jpg,1
clean_dataset/helen_2/1440500396_1_0.jpg,2
clean_dataset/helen_2/2124608043_1_0.jpg,2
clean_dataset/helen_2/2078419146_1_0.jpg,2
clean_dataset/helen_2/2139691983_1_0.jpg,2
clean_dataset/helen_2/2193408004_1_0.jpg,2
clean_dataset/helen_2/2117789390_1_0.jpg,1
clean_dataset/helen_2/2229778733_3_0.jpg,0
clean_dataset/helen_2/2076592686_2_0.jpg,2
clean_dataset/helen_2/2270525548_1_0.jpg,2
clean_dataset/helen_2/2198286445_1_0.jpg,2
clean_dataset/helen_2/1447083015_1_0.jpg,1
clean_dataset/helen_2/2067453390_1_0.jpg,2
clean_dataset/helen_2/1809894544_2_0.jpg,2
clean_dataset/helen_2/2210716757_1_0.jpg,2
clean_dataset/helen_2/2115342511_1_0.jpg,2
clean_dataset/helen_2/2165593916_1_0.jpg,2
clean_dataset/helen_2/2229778733_1_0.jpg,0
clean_dataset/helen_2/2108725174_1_0.jpg,2
clean_dataset/helen_2/2215829570_1_0.jpg,2
clean_dataset/helen_2/2181559194_1_0.jpg,2
clean_dataset/helen_2/1290921548_1_0.jpg,1
clean_dataset/helen_2/2118655483_1_0.jpg,1
clean_dataset/helen_2/2084520102_1_0.jpg,2
clean_dataset/helen_2/2140513376_1_0.jpg,2
clean_dataset/helen_2/1504594019_1_0.jpg,2
clean_dataset/helen_2/1553164891_1_0.jpg,1
clean_dataset/helen_2/2134266399_1_0.jpg,2
clean_dataset/helen_2/2092281650_1_0.jpg,2
clean_dataset/helen_2/2140620254_1_0.jpg,2
clean_dataset/helen_2/2064711146_1_0.jpg,2
clean_dataset/helen_2/1461557880_1_0.jpg,2
clean_dataset/helen_2/2268738156_1_0.jpg,1
clean_dataset/helen_2/2289530648_1_0.jpg,2
clean_dataset/helen_2/1356888436_1_0.jpg,2
clean_dataset/helen_2/2167059698_1_0.jpg,1
clean_dataset/helen_2/1499030378_1_0.jpg,2
clean_dataset/helen_2/2236814888_1_0.jpg,2
clean_dataset/helen_2/2267933931_1_0.jpg,1
clean_dataset/helen_2/1887411993_1_0.jpg,2
clean_dataset/helen_2/1429029478_1_1.jpg,1
clean_dataset/helen_2/2229778733_2_1.jpg,0
clean_dataset/helen_2/2109755281_4_0.jpg,2
clean_dataset/helen_2/1515641689_1_0.jpg,2
clean_dataset/helen_2/1517093691_1_0.jpg,1
clean_dataset/helen_2/2203695965_1_0.jpg,2
clean_dataset/helen_2/2072336994_1_0.jpg,1
clean_dataset/helen_2/2225440586_1_0.jpg,2
clean_dataset/helen_2/1328530642_1_0.jpg,2
clean_dataset/helen_2/2140620254_1_1.jpg,2
clean_dataset/helen_2/2279324750_1_0.jpg,1
clean_dataset/helen_2/2102458056_1_0.jpg,2
clean_dataset/helen_2/2195220502_1_0.jpg,2
clean_dataset/helen_2/2116626844_2_0.jpg,2
clean_dataset/helen_2/1541108261_1_0.jpg,2
clean_dataset/helen_2/2134232899_1_0.jpg,2
clean_dataset/helen_2/2184781988_1_0.jpg,2
clean_dataset/helen_2/1377746898_1_0.jpg,0
clean_dataset/helen_2/1620560362_1_0.jpg,2
clean_dataset/helen_2/1571181976_1_1.jpg,1
clean_dataset/helen_2/2190903226_1_0.jpg,2
clean_dataset/helen_2/2290385398_2_0.jpg,2
clean_dataset/helen_2/2150051470_2_0.jpg,2
clean_dataset/helen_2/2228100915_3_0.jpg,1
clean_dataset/helen_2/2164761297_1_1.jpg,2
clean_dataset/helen_2/2115806866_2_0.jpg,0
clean_dataset/helen_2/2204495618_2_0.jpg,2
clean_dataset/helen_2/2075932440_1_0.jpg,2
clean_dataset/helen_2/2214772465_1_0.jpg,2
clean_dataset/helen_2/2236814888_2_0.jpg,2
clean_dataset/helen_2/2138681738_1_0.jpg,2
clean_dataset/helen_2/1353029373_1_0.jpg,2
clean_dataset/helen_2/2229166768_1_0.jpg,2
clean_dataset/helen_2/2233368704_1_0.jpg,2
clean_dataset/helen_2/1466887621_1_0.jpg,1
clean_dataset/helen_2/2030224419_1_0.jpg,2
clean_dataset/helen_2/2251139211_1_0.jpg,2
clean_dataset/helen_2/2070634156_1_0.jpg,2
clean_dataset/helen_2/2267947745_1_0.jpg,2
clean_dataset/helen_2/2185205964_1_0.jpg,2
clean_dataset/helen_2/2124611787_1_0.jpg,2
clean_dataset/helen_2/1757432712_1_0.jpg,2
clean_dataset/helen_2/2175042512_1_0.jpg,1
clean_dataset/helen_2/2081258704_1_0.jpg,1
clean_dataset/helen_2/2286067877_1_0.jpg,2
clean_dataset/helen_2/2098713580_1_0.jpg,2
clean_dataset/helen_2/2098713580_1_1.jpg,1
clean_dataset/helen_2/2109187532_1_0.jpg,0
clean_dataset/helen_2/2286982317_1_0.jpg,2
clean_dataset/helen_2/2233737284_2_0.jpg,2
clean_dataset/helen_2/2104855895_1_0.jpg,0
clean_dataset/helen_2/2276629742_1_0.jpg,2
clean_dataset/helen_2/2163071133_1_0.jpg,2
clean_dataset/helen_2/2097991401_1_0.jpg,2
clean_dataset/helen_2/2262286043_1_0.jpg,1
clean_dataset/helen_2/2054916149_1_0.jpg,2
clean_dataset/helen_2/2038888040_1_0.jpg,2
clean_dataset/helen_2/2255538912_1_0.jpg,0
clean_dataset/helen_2/2115806866_1_0.jpg,0
clean_dataset/helen_2/2165528796_1_0.jpg,2
clean_dataset/helen_2/2137551460_1_0.jpg,2
clean_dataset/helen_2/2204494382_2_0.jpg,2
clean_dataset/helen_2/2119231041_1_0.jpg,2
clean_dataset/helen_2/1425317189_1_0.jpg,2
clean_dataset/helen_2/2083979194_1_0.jpg,0
clean_dataset/helen_2/2118601275_1_0.jpg,2
clean_dataset/helen_2/1599258772_1_0.jpg,2
clean_dataset/helen_2/2097991401_3_0.jpg,2
clean_dataset/helen_2/2140556694_1_0.jpg,2
clean_dataset/helen_2/2096500784_1_0.jpg,2
clean_dataset/helen_2/2257099355_1_0.jpg,2
clean_dataset/helen_2/2240876637_1_0.jpg,2
clean_dataset/helen_2/1689766277_1_0.jpg,2
clean_dataset/helen_2/2258913498_1_0.jpg,2
clean_dataset/helen_2/1515641689_2_1.jpg,0
clean_dataset/helen_2/2099144186_1_0.jpg,1
clean_dataset/helen_2/1982207444_1_0.jpg,1
clean_dataset/helen_2/2057113858_1_0.jpg,2
clean_dataset/helen_2/2209809995_1_0.jpg,2
clean_dataset/helen_2/2236814888_1_1.jpg,2
clean_dataset/helen_2/2103921848_1_0.jpg,2
clean_dataset/helen_2/1691280456_1_0.jpg,2
clean_dataset/helen_2/2228100915_2_0.jpg,1
clean_dataset/helen_2/2150051470_1_1.jpg,2
clean_dataset/helen_2/2138195672_1_0.jpg,2
clean_dataset/helen_2/2106789492_1_0.jpg,2
clean_dataset/helen_2/2070484849_1_0.jpg,2
clean_dataset/helen_2/1312213009_1_0.jpg,1
clean_dataset/helen_2/2196749951_1_0.jpg,2
clean_dataset/helen_2/2201943712_2_0.jpg,1
clean_dataset/helen_2/1525046335_1_0.jpg,2
clean_dataset/helen_2/1861774022_1_0.jpg,2
clean_dataset/helen_2/2097991401_2_0.jpg,2
clean_dataset/helen_2/2115806866_1_1.jpg,0
clean_dataset/helen_2/2167135339_2_0.jpg,1
clean_dataset/helen_2/2064537523_1_0.jpg,2
clean_dataset/helen_2/1429860583_1_0.jpg,2
clean_dataset/helen_2/1589999087_1_0.jpg,2
clean_dataset/helen_2/2134232899_1_1.jpg,2
clean_dataset/helen_2/1525918600_1_0.jpg,2
clean_dataset/helen_2/1515641689_1_1.jpg,0
clean_dataset/helen_2/2169267682_1_0.jpg,0
clean_dataset/helen_2/2268207831_1_0.jpg,2
clean_dataset/helen_2/2117134810_1_0.jpg,2
clean_dataset/helen_2/1455826575_1_0.jpg,2
clean_dataset/helen_2/2172479811_1_0.jpg,2
clean_dataset/helen_2/2091167603_1_0.jpg,2
clean_dataset/helen_2/1440499238_1_0.jpg,2
clean_dataset/helen_2/2229778733_1_1.jpg,0
clean_dataset/helen_2/2124708927_1_0.jpg,2
clean_dataset/helen_2/2189567066_1_0.jpg,2
clean_dataset/helen_2/2195120494_1_0.jpg,0
clean_dataset/helen_2/2134243149_1_0.jpg,2
clean_dataset/helen_2/2106937488_1_0.jpg,2
clean_dataset/helen_2/1344739819_1_0.jpg,2
clean_dataset/helen_2/2062420464_1_0.jpg,2
clean_dataset/helen_2/1962410129_1_0.jpg,1
clean_dataset/helen_2/1522875567_1_0.jpg,2
clean_dataset/helen_2/2250369835_1_0.jpg,1
clean_dataset/helen_2/2073353251_1_0.jpg,2
clean_dataset/helen_2/2277805385_1_0.jpg,2
clean_dataset/helen_2/1404106170_1_0.jpg,1
clean_dataset/helen_2/2070105355_2_1.jpg,0
clean_dataset/helen_2/2204495618_1_1.jpg,2
clean_dataset/helen_2/2106937488_1_1.jpg,2
clean_dataset/helen_2/2082267415_3_0.jpg,2
clean_dataset/helen_2/1409035501_1_0.jpg,2
clean_dataset/helen_2/2091990193_1_0.jpg,2
clean_dataset/helen_2/2229969688_1_0.jpg,2
clean_dataset/helen_2/2088010176_3_0.jpg,2
clean_dataset/helen_2/2165528796_1_1.jpg,2
clean_dataset/helen_2/2070105355_4_0.jpg,2
clean_dataset/helen_2/2182024730_1_0.jpg,2
clean_dataset/helen_2/2150058510_1_0.jpg,2
clean_dataset/helen_2/1543376624_1_0.jpg,1
clean_dataset/helen_2/2135034002_1_0.jpg,2
clean_dataset/helen_2/2219165887_1_0.jpg,2
clean_dataset/helen_2/2139831977_2_0.jpg,2
clean_dataset/helen_2/2233368704_2_0.jpg,2
clean_dataset/helen_2/2233231554_1_0.jpg,2
clean_dataset/helen_2/2230569196_3_0.jpg,0
clean_dataset/helen_2/2076592686_1_1.jpg,2
clean_dataset/helen_2/2218537300_1_0.jpg,1
clean_dataset/helen_2/2099073485_1_0.jpg,1
clean_dataset/helen_2/2106008703_1_0.jpg,2
clean_dataset/helen_2/2083053412_1_0.jpg,2
clean_dataset/helen_2/1420413841_2_0.jpg,1
clean_dataset/helen_2/2102099439_1_0.jpg,2
clean_dataset/helen_2/2182951022_1_0.jpg,1
clean_dataset/helen_2/2085165542_1_0.jpg,2
clean_dataset/helen_2/1860419055_1_0.jpg,1
clean_dataset/helen_2/1426539072_1_0.jpg,2
clean_dataset/helen_2/1962577879_1_0.jpg,2
clean_dataset/helen_2/1440501186_1_0.jpg,2
clean_dataset/helen_2/2091094311_1_0.jpg,2
clean_dataset/helen_2/1430618662_1_0.jpg,2
clean_dataset/helen_2/1418180068_1_0.jpg,1
clean_dataset/helen_2/2093746851_1_0.jpg,2
clean_dataset/helen_2/2229778733_4_0.jpg,0
clean_dataset/helen_2/2165347834_1_0.jpg,2
clean_dataset/helen_2/2211542693_1_0.jpg,1
clean_dataset/helen_2/1801024299_1_0.jpg,2
clean_dataset/helen_2/1753768714_1_0.jpg,1
clean_dataset/helen_2/2167135339_1_1.jpg,2
clean_dataset/helen_2/2125387076_1_0.jpg,2
clean_dataset/helen_2/2070105355_5_0.jpg,2
clean_dataset/helen_2/2205474871_2_0.jpg,2
clean_dataset/helen_2/2108298351_1_0.jpg,2
clean_dataset/helen_2/1418181204_1_0.jpg,2
clean_dataset/helen_2/2204495618_2_1.jpg,2
clean_dataset/helen_2/2094505527_1_0.jpg,2
clean_dataset/helen_2/2241609352_1_0.jpg,2
clean_dataset/helen_2/2177175118_1_0.jpg,2
clean_dataset/helen_2/2173271902_1_0.jpg,2
clean_dataset/helen_2/2195120626_1_0.jpg,0
clean_dataset/helen_2/2076592686_3_1.jpg,2
clean_dataset/helen_2/1710672384_1_0.jpg,2
clean_dataset/helen_2/2100608030_1_0.jpg,1
clean_dataset/helen_2/2109755281_3_0.jpg,2
clean_dataset/helen_2/1987287630_1_0.jpg,1
clean_dataset/helen_2/2083040467_1_0.jpg,2
clean_dataset/helen_2/1954949800_1_0.jpg,2
clean_dataset/helen_2/1411496009_1_0.jpg,2
clean_dataset/helen_2/2076194857_1_0.jpg,2
clean_dataset/helen_2/2201943712_1_0.jpg,1
clean_dataset/helen_2/2251139211_1_1.jpg,1
clean_dataset/helen_2/2134243149_1_1.jpg,2
clean_dataset/helen_2/2098713580_2_0.jpg,2
clean_dataset/helen_2/2139663057_2_0.jpg,2
clean_dataset/helen_2/2242655460_1_0.jpg,2
clean_dataset/helen_2/2151607444_1_1.jpg,2
clean_dataset/helen_2/2061605575_1_0.jpg,1
clean_dataset/helen_2/2086429604_1_0.jpg,2
clean_dataset/helen_2/2211065399_1_0.jpg,2
clean_dataset/helen_2/2210601282_1_0.jpg,2
clean_dataset/helen_2/1313109242_1_0.jpg,1
clean_dataset/helen_2/1657180938_1_0.jpg,1
clean_dataset/helen_2/1673608778_1_0.jpg,2
clean_dataset/helen_2/2139767101_1_0.jpg,2
clean_dataset/helen_2/2106011059_1_0.jpg,2
clean_dataset/helen_2/1379651992_1_0.jpg,2
clean_dataset/helen_2/1425648903_1_0.jpg,1
clean_dataset/helen_2/2130531101_1_0.jpg,2
clean_dataset/helen_2/1563845683_1_0.jpg,2
clean_dataset/helen_2/2104726907_1_0.jpg,1
clean_dataset/helen_2/1308649036_1_0.jpg,1
clean_dataset/helen_2/2233250688_1_0.jpg,2
clean_dataset/helen_2/2231989317_1_0.jpg,2
clean_dataset/helen_2/2203696399_2_0.jpg,2
clean_dataset/helen_2/2164761297_1_0.jpg,2
clean_dataset/helen_2/1419222657_1_0.jpg,0
clean_dataset/helen_2/1909003307_1_0.jpg,2
clean_dataset/helen_2/2220556464_1_0.jpg,1
clean_dataset/helen_2/1419583212_1_0.jpg,2
clean_dataset/helen_2/2202741165_3_0.jpg,2
clean_dataset/helen_2/1843394852_1_0.jpg,2
clean_dataset/helen_2/2286982317_2_0.jpg,2
clean_dataset/helen_2/2076592686_1_0.jpg,2
clean_dataset/helen_2/1529613122_1_1.jpg,2
clean_dataset/helen_2/2152239275_2_0.jpg,0
clean_dataset/helen_2/2163829312_1_0.jpg,2
clean_dataset/helen_2/2222444403_1_0.jpg,1
clean_dataset/helen_2/2167180876_1_0.jpg,1
clean_dataset/helen_2/2169268854_1_0.jpg,0
clean_dataset/helen_2/1440954875_1_0.jpg,1
clean_dataset/helen_2/2168477255_1_0.jpg,0
clean_dataset/helen_2/2113106881_1_0.jpg,2
clean_dataset/helen_2/2167135339_1_0.jpg,1
clean_dataset/helen_2/1844926255_1_0.jpg,2
clean_dataset/helen_2/1507775914_1_0.jpg,2
clean_dataset/helen_2/2140620254_2_1.jpg,2
clean_dataset/helen_2/2251201726_1_0.jpg,2
clean_dataset/helen_2/2150051470_1_0.jpg,2
clean_dataset/helen_2/2254584858_1_0.jpg,1
clean_dataset/helen_2/2164847927_1_0.jpg,2
clean_dataset/helen_2/2036310656_1_0.jpg,1
clean_dataset/helen_2/2203693721_2_0.jpg,2
clean_dataset/helen_2/2134232899_2_0.jpg,2
clean_dataset/helen_2/1593252454_1_0.jpg,2
clean_dataset/helen_2/2139691983_1_1.jpg,2
clean_dataset/helen_2/1409035501_2_0.jpg,1
clean_dataset/helen_2/2231190459_1_0.jpg,1
clean_dataset/helen_2/1375169218_1_0.jpg,2
clean_dataset/helen_2/2139633946_1_0.jpg,2
clean_dataset/helen_2/1784763527_1_0.jpg,0
clean_dataset/helen_2/1394430375_1_1.jpg,2
clean_dataset/helen_2/2203694817_1_0.jpg,2
clean_dataset/helen_2/1868687324_1_0.jpg,2
clean_dataset/helen_2/2210851928_1_0.jpg,2
clean_dataset/helen_2/1420413841_1_0.jpg,1
clean_dataset/helen_2/2282207808_1_0.jpg,2
clean_dataset/helen_2/1459110420_1_0.jpg,2
clean_dataset/helen_2/1399115619_1_0.jpg,2
clean_dataset/helen_2/2191376922_1_0.jpg,2
clean_dataset/helen_2/2066231667_1_0.jpg,2
clean_dataset/helen_2/2071191303_1_0.jpg,2
clean_dataset/helen_2/2070105355_3_0.jpg,2
clean_dataset/helen_2/2139755289_1_0.jpg,2
clean_dataset/helen_2/2202089258_1_0.jpg,0
clean_dataset/helen_2/2070105355_4_1.jpg,0
clean_dataset/helen_2/1793202210_1_0.jpg,2
clean_dataset/helen_2/2070105355_1_2.jpg,0
clean_dataset/helen_2/2100608030_2_1.jpg,2
clean_dataset/helen_2/2076592686_2_1.jpg,2
clean_dataset/helen_2/2134262703_1_1.jpg,2
clean_dataset/helen_2/2056280349_1_0.jpg,0
clean_dataset/helen_2/2135432270_1_0.jpg,1
clean_dataset/helen_2/2224610174_1_0.jpg,2
clean_dataset/helen_2/1961032923_1_0.jpg,1
clean_dataset/helen_2/2204494382_1_1.jpg,2
clean_dataset/helen_2/1753022691_1_0.jpg,0
clean_dataset/helen_2/2231468853_1_0.jpg,1
clean_dataset/helen_2/1408606093_1_0.jpg,2
clean_dataset/helen_2/1801024299_2_0.jpg,2
clean_dataset/helen_2/2047351146_1_0.jpg,2
clean_dataset/helen_2/1613734064_1_0.jpg,2
clean_dataset/helen_2/2163747900_1_1.jpg,0
clean_dataset/helen_2/1470006576_1_0.jpg,2
clean_dataset/helen_2/2289874177_1_0.jpg,1
clean_dataset/helen_2/2024017324_1_0.jpg,2
clean_dataset/helen_2/2175629058_1_0.jpg,2
clean_dataset/helen_2/1356962652_1_0.jpg,2
clean_dataset/helen_2/2045370744_1_0.jpg,2
clean_dataset/helen_2/1458971524_1_0.jpg,1
clean_dataset/helen_2/2139663057_1_0.jpg,2
clean_dataset/helen_2/1844911065_1_0.jpg,1
clean_dataset/helen_2/1753941007_1_0.jpg,2
clean_dataset/helen_2/1353452443_1_0.jpg,0
clean_dataset/helen_2/2201942026_1_0.jpg,1
clean_dataset/helen_2/1414607508_1_0.jpg,2
clean_dataset/helen_2/2229778733_2_2.jpg,0
clean_dataset/helen_2/2289185361_1_0.jpg,2
clean_dataset/helen_2/2044777702_1_0.jpg,2
clean_dataset/helen_2/1467878637_1_0.jpg,1
clean_dataset/helen_2/1418178512_1_0.jpg,2
clean_dataset/helen_2/1458242965_1_0.jpg,2
clean_dataset/helen_2/2134262703_2_0.jpg,2
clean_dataset/helen_2/2169601621_1_0.jpg,1
clean_dataset/helen_2/2125467698_1_0.jpg,2
clean_dataset/helen_2/2115806866_3_0.jpg,0
clean_dataset/helen_2/2100602343_1_1.jpg,2
clean_dataset/helen_2/2010631499_1_0.jpg,2
clean_dataset/helen_2/2140556694_2_0.jpg,2
clean_dataset/helen_2/2230569196_4_0.jpg,0
clean_dataset/helen_2/1895136013_1_0.jpg,2
clean_dataset/helen_2/1297446285_1_0.jpg,0
clean_dataset/helen_2/2140530512_1_0.jpg,2
clean_dataset/helen_2/1308054912_1_0.jpg,2
clean_dataset/helen_2/2091682510_1_0.jpg,2
clean_dataset/helen_2/1861796452_1_0.jpg,2
clean_dataset/helen_2/2096196849_1_0.jpg,2
clean_dataset/helen_2/2241015901_1_0.jpg,2
clean_dataset/helen_2/2204495618_1_0.jpg,2
clean_dataset/helen_2/2255555023_1_0.jpg,2
clean_dataset/helen_2/2070105355_1_1.jpg,2
clean_dataset/helen_2/2129982991_1_0.jpg,2
clean_dataset/helen_2/1422700214_1_0.jpg,1
clean_dataset/helen_2/1426553012_1_0.jpg,2
clean_dataset/helen_2/2200760295_1_0.jpg,2
clean_dataset/helen_2/2257305766_1_0.jpg,2
clean_dataset/helen_2/2221495758_1_0.jpg,2
clean_dataset/helen_2/1392458475_1_0.jpg,2
clean_dataset/helen_2/2093747255_1_0.jpg,2
clean_dataset/helen_2/2195358708_1_0.jpg,2
clean_dataset/helen_2/2165528796_2_0.jpg,2
clean_dataset/helen_2/2045370744_3_1.jpg,2
clean_dataset/helen_2/2056886445_1_0.jpg,2
clean_dataset/helen_2/2233368704_3_0.jpg,2
clean_dataset/helen_2/2104338762_1_0.jpg,2
clean_dataset/helen_2/1657179414_1_0.jpg,1
clean_dataset/helen_2/2057777633_1_0.jpg,2
clean_dataset/helen_2/2166384323_1_0.jpg,0
clean_dataset/helen_2/2071191303_2_0.jpg,2
clean_dataset/helen_2/2269501063_1_0.jpg,2
clean_dataset/helen_2/2091300387_1_0.jpg,1
clean_dataset/helen_2/2194332767_1_0.jpg,0
clean_dataset/helen_2/2139626906_1_0.jpg,2
clean_dataset/helen_2/1413333405_1_0.jpg,2
clean_dataset/helen_2/2185205964_2_0.jpg,2
clean_dataset/helen_2/2201151487_1_1.jpg,1
clean_dataset/helen_2/2041377546_1_0.jpg,2
clean_dataset/helen_2/2100608030_2_0.jpg,1
clean_dataset/helen_2/1537303575_1_0.jpg,2
clean_dataset/helen_2/2048930268_1_0.jpg,2
clean_dataset/helen_2/2088010176_2_0.jpg,2
clean_dataset/helen_2/2276629742_2_1.jpg,2
clean_dataset/helen_2/2113885560_1_0.jpg,2
clean_dataset/helen_2/1412970826_1_0.jpg,1
clean_dataset/helen_2/2220706683_1_0.jpg,2
clean_dataset/helen_2/2082655557_2_0.jpg,2
clean_dataset/helen_2/2249998377_1_0.jpg,0
clean_dataset/helen_2/2078249976_1_0.jpg,2
clean_dataset/helen_2/1812732159_1_0.jpg,0
clean_dataset/helen_2/2229778733_2_0.jpg,0
clean_dataset/helen_2/2045370744_3_0.jpg,2
clean_dataset/helen_2/2208472833_1_0.jpg,2
clean_dataset/helen_2/2286982317_1_1.jpg,2
clean_dataset/helen_2/2180195389_1_0.jpg,0
clean_dataset/helen_2/2223862191_1_0.jpg,2
clean_dataset/helen_2/2289957281_1_0.jpg,2
clean_dataset/helen_2/2227646745_2_0.jpg,2
clean_dataset/helen_2/2251139211_2_0.jpg,1
clean_dataset/helen_2/2200730806_1_0.jpg,2
clean_dataset/helen_2/1425321029_1_0.jpg,2
clean_dataset/helen_2/2204494382_2_1.jpg,2
clean_dataset/helen_2/1447762196_1_0.jpg,2
clean_dataset/helen_2/2232426029_1_0.jpg,2
clean_dataset/helen_2/2058725932_1_0.jpg,1
clean_dataset/helen_2/2156807524_1_0.jpg,2
clean_dataset/helen_2/1443377029_1_0.jpg,2
clean_dataset/helen_2/1439641049_1_0.jpg,2
clean_dataset/helen_2/2091918525_1_0.jpg,1
clean_dataset/helen_2/1405372343_1_0.jpg,0
clean_dataset/helen_2/2158901099_1_0.jpg,2
clean_dataset/helen_2/2204494382_1_0.jpg,2
clean_dataset/helen_2/2208472833_2_0.jpg,2
clean_dataset/helen_2/2236814888_2_1.jpg,2
clean_dataset/helen_2/2190740171_1_0.jpg,2
clean_dataset/helen_2/2216480518_1_0.jpg,2
clean_dataset/helen_2/2205474871_1_0.jpg,2
clean_dataset/helen_2/1404860998_1_0.jpg,2
clean_dataset/helen_2/2220556464_2_0.jpg,1
clean_dataset/helen_2/2081778308_1_0.jpg,0
clean_dataset/helen_2/1527094652_1_0.jpg,2
clean_dataset/helen_2/2093465867_1_0.jpg,2
clean_dataset/helen_2/2140620254_2_0.jpg,2
clean_dataset/helen_2/2170250827_1_0.jpg,2
clean_dataset/helen_2/1987283210_1_0.jpg,0
clean_dataset/helen_2/2168442441_1_0.jpg,0
clean_dataset/helen_2/1426539072_2_0.jpg,1
clean_dataset/helen_2/2099071245_1_0.jpg,1
clean_dataset/helen_2/2228100915_1_0.jpg,1
clean_dataset/helen_2/2165005475_1_0.jpg,2
clean_dataset/helen_2/1657180938_2_0.jpg,1
clean_dataset/helen_2/2136232809_1_0.jpg,2
clean_dataset/helen_2/2057899604_1_0.jpg,2
clean_dataset/helen_2/2082267415_2_0.jpg,2
clean_dataset/helen_2/2118321955_1_0.jpg,2
clean_dataset/helen_2/1878818683_1_0.jpg,2
clean_dataset/helen_2/2005566839_3_0.jpg,2
clean_dataset/helen_2/1394430375_1_0.jpg,2
clean_dataset/helen_2/1425648903_2_0.jpg,1
clean_dataset/helen_2/2127986751_1_0.jpg,1
clean_dataset/helen_2/2005566839_2_0.jpg,2
clean_dataset/helen_2/1563845683_2_0.jpg,2
clean_dataset/helen_2/2262722996_1_0.jpg,1
clean_dataset/helen_2/1344304961_1_0.jpg,2
clean_dataset/helen_2/1468798538_1_0.jpg,1
clean_dataset/helen_2/1402640447_1_0.jpg,2
clean_dataset/helen_2/2134243149_2_0.jpg,2
clean_dataset/helen_2/1477005205_1_0.jpg,2
clean_dataset/helen_2/1436253170_1_0.jpg,2
clean_dataset/helen_2/2070105355_2_0.jpg,2
clean_dataset/helen_2/1327964792_1_0.jpg,2
clean_dataset/helen_2/2167874246_1_0.jpg,2
clean_dataset/helen_2/2234753986_1_0.jpg,1
clean_dataset/helen_2/2005566839_1_0.jpg,2
clean_dataset/helen_2/2139767101_2_0.jpg,2
clean_dataset/helen_2/2044777702_2_0.jpg,1
clean_dataset/helen_2/2091477588_1_0.jpg,1
clean_dataset/helen_2/1434217156_1_0.jpg,2
clean_dataset/helen_3/2489465975_1_0.jpg,2
clean_dataset/helen_3/2570109022_1_0.jpg,2
clean_dataset/helen_3/2366695522_1_0.jpg,2
clean_dataset/helen_3/2534288728_1_0.jpg,2
clean_dataset/helen_3/2406435030_1_0.jpg,2
clean_dataset/helen_3/2325274893_2_0.jpg,2
clean_dataset/helen_3/2326158218_2_1.jpg,2
clean_dataset/helen_3/2534731068_2_0.jpg,2
clean_dataset/helen_3/2330128905_1_0.jpg,2
clean_dataset/helen_3/2437565214_1_0.jpg,2
clean_dataset/helen_3/2563604089_1_0.jpg,2
clean_dataset/helen_3/2477598941_1_0.jpg,1
clean_dataset/helen_3/2532979343_1_1.jpg,2
clean_dataset/helen_3/2504948725_2_0.jpg,2
clean_dataset/helen_3/2442107375_1_0.jpg,2
clean_dataset/helen_3/2326138430_1_0.jpg,2
clean_dataset/helen_3/2322139919_1_0.jpg,2
clean_dataset/helen_3/2439679146_1_0.jpg,2
clean_dataset/helen_3/2529462320_1_0.jpg,0
clean_dataset/helen_3/2536832392_1_0.jpg,2
clean_dataset/helen_3/2538548404_1_0.jpg,2
clean_dataset/helen_3/2293424058_1_0.jpg,1
clean_dataset/helen_3/2385871165_1_0.jpg,1
clean_dataset/helen_3/2398724424_1_0.jpg,1
clean_dataset/helen_3/2379148673_1_0.jpg,2
clean_dataset/helen_3/2589513472_1_0.jpg,2
clean_dataset/helen_3/2569659822_1_0.jpg,2
clean_dataset/helen_3/2559937512_1_0.jpg,2
clean_dataset/helen_3/2589809231_1_0.jpg,2
clean_dataset/helen_3/2544738096_1_0.jpg,2
clean_dataset/helen_3/2553304823_1_1.jpg,1
clean_dataset/helen_3/2553304823_1_0.jpg,1
clean_dataset/helen_3/2293429456_1_0.jpg,2
clean_dataset/helen_3/2351926912_1_0.jpg,2
clean_dataset/helen_3/2402745714_1_0.jpg,2
clean_dataset/helen_3/2567897317_1_0.jpg,2
clean_dataset/helen_3/2393607229_1_0.jpg,2
clean_dataset/helen_3/2325337095_2_0.jpg,2
clean_dataset/helen_3/2525905984_1_0.jpg,2
clean_dataset/helen_3/2325305205_1_0.jpg,2
clean_dataset/helen_3/2514104824_1_0.jpg,2
clean_dataset/helen_3/2484089292_1_0.jpg,2
clean_dataset/helen_3/2533799522_2_0.jpg,2
clean_dataset/helen_3/2553305603_1_0.jpg,1
clean_dataset/helen_3/2425505427_2_0.jpg,2
clean_dataset/helen_3/2567246289_1_0.jpg,2
clean_dataset/helen_3/2385322025_1_0.jpg,2
clean_dataset/helen_3/2410521422_1_0.jpg,2
clean_dataset/helen_3/2550744227_1_0.jpg,2
clean_dataset/helen_3/2533795622_1_1.jpg,2
clean_dataset/helen_3/2516806579_1_0.jpg,2
clean_dataset/helen_3/2441411300_1_0.jpg,1
clean_dataset/helen_3/2420389746_1_0.jpg,2
clean_dataset/helen_3/2527922253_1_0.jpg,2
clean_dataset/helen_3/2303538653_1_0.jpg,1
clean_dataset/helen_3/2320120349_2_0.jpg,2
clean_dataset/helen_3/2325339957_2_0.jpg,2
clean_dataset/helen_3/2358119745_1_0.jpg,1
clean_dataset/helen_3/2584222434_1_0.jpg,2
clean_dataset/helen_3/2383880067_1_0.jpg,2
clean_dataset/helen_3/2325274893_1_0.jpg,2
clean_dataset/helen_3/2449764454_1_0.jpg,1
clean_dataset/helen_3/2326158218_1_0.jpg,2
clean_dataset/helen_3/2341783781_1_0.jpg,2
clean_dataset/helen_3/2307775231_1_0.jpg,2
clean_dataset/helen_3/2466353526_1_0.jpg,2
clean_dataset/helen_3/2326158218_1_1.jpg,2
clean_dataset/helen_3/2296738336_1_0.jpg,1
clean_dataset/helen_3/2546411220_1_0.jpg,2
clean_dataset/helen_3/2355774121_1_0.jpg,1
clean_dataset/helen_3/2584226946_1_0.jpg,2
clean_dataset/helen_3/2461725904_1_0.jpg,2
clean_dataset/helen_3/2333670757_1_0.jpg,2
clean_dataset/helen_3/2344972348_1_0.jpg,1
clean_dataset/helen_3/2472784229_1_0.jpg,2
clean_dataset/helen_3/2520325864_1_0.jpg,2
clean_dataset/helen_3/2541112439_2_0.jpg,2
clean_dataset/helen_3/2346175251_1_1.jpg,2
clean_dataset/helen_3/2519183112_1_0.jpg,2
clean_dataset/helen_3/2513178752_1_0.jpg,2
clean_dataset/helen_3/2553305829_1_1.jpg,1
clean_dataset/helen_3/2529559836_2_0.jpg,2
clean_dataset/helen_3/2364435605_1_0.jpg,2
clean_dataset/helen_3/2397891757_1_0.jpg,1
clean_dataset/helen_3/2402052185_1_0.jpg,1
clean_dataset/helen_3/2344967158_1_0.jpg,1
clean_dataset/helen_3/2330721439_1_0.jpg,2
clean_dataset/helen_3/2491145700_1_0.jpg,2
clean_dataset/helen_3/2533685677_2_0.jpg,0
clean_dataset/helen_3/2398411262_1_0.jpg,0
clean_dataset/helen_3/2407746151_1_0.jpg,1
clean_dataset/helen_3/2548811959_1_0.jpg,1
clean_dataset/helen_3/2536015089_1_0.jpg,2
clean_dataset/helen_3/2480602910_1_0.jpg,1
clean_dataset/helen_3/2388603859_1_0.jpg,2
clean_dataset/helen_3/2326647920_1_0.jpg,2
clean_dataset/helen_3/2507543274_1_0.jpg,2
clean_dataset/helen_3/2361275920_1_1.jpg,2
clean_dataset/helen_3/2542834954_1_0.jpg,2
clean_dataset/helen_3/2325339957_1_1.jpg,2
clean_dataset/helen_3/2385951266_1_0.jpg,2
clean_dataset/helen_3/2533918233_1_0.jpg,2
clean_dataset/helen_3/2330129299_1_0.jpg,2
clean_dataset/helen_3/2405798840_1_0.jpg,2
clean_dataset/helen_3/2502797758_1_0.jpg,1
clean_dataset/helen_3/2397869868_1_0.jpg,0
clean_dataset/helen_3/2320093697_1_0.jpg,2
clean_dataset/helen_3/2497976014_1_0.jpg,2
clean_dataset/helen_3/2548725859_3_0.jpg,2
clean_dataset/helen_3/2541637575_1_0.jpg,1
clean_dataset/helen_3/2407195618_1_0.jpg,2
clean_dataset/helen_3/2567215951_1_0.jpg,1
clean_dataset/helen_3/2483534214_1_0.jpg,2
clean_dataset/helen_3/2428008911_1_0.jpg,2
clean_dataset/helen_3/2453927669_1_0.jpg,1
clean_dataset/helen_3/2397575379_1_0.jpg,1
clean_dataset/helen_3/2449151024_1_0.jpg,2
clean_dataset/helen_3/2514843771_1_0.jpg,2
clean_dataset/helen_3/2492944654_1_0.jpg,2
clean_dataset/helen_3/2344972348_2_0.jpg,1
clean_dataset/helen_3/2398724830_1_0.jpg,1
clean_dataset/helen_3/2434739044_1_0.jpg,1
clean_dataset/helen_3/2538980825_1_0.jpg,2
clean_dataset/helen_3/2516299615_1_1.jpg,2
clean_dataset/helen_3/2421887901_1_0.jpg,2
clean_dataset/helen_3/2554718441_1_0.jpg,2
clean_dataset/helen_3/2398691129_1_0.jpg,2
clean_dataset/helen_3/2584224650_1_0.jpg,2
clean_dataset/helen_3/2433671054_1_0.jpg,2
clean_dataset/helen_3/2345048760_1_0.jpg,2
clean_dataset/helen_3/2300713390_1_0.jpg,2
clean_dataset/helen_3/2384712054_1_0.jpg,2
clean_dataset/helen_3/2497978188_1_0.jpg,2
clean_dataset/helen_3/2320302773_1_0.jpg,2
clean_dataset/helen_3/2411561802_1_0.jpg,1
clean_dataset/helen_3/2571812886_1_0.jpg,0
clean_dataset/helen_3/2537972279_1_0.jpg,2
clean_dataset/helen_3/2351504852_1_0.jpg,2
clean_dataset/helen_3/2292430114_1_0.jpg,2
clean_dataset/helen_3/2484463018_1_0.jpg,2
clean_dataset/helen_3/2397586201_2_0.jpg,0
clean_dataset/helen_3/2559502581_1_0.jpg,2
clean_dataset/helen_3/2488505181_1_0.jpg,2
clean_dataset/helen_3/2386704064_1_0.jpg,1
clean_dataset/helen_3/2326183026_1_0.jpg,2
clean_dataset/helen_3/2439889861_1_0.jpg,2
clean_dataset/helen_3/2411620252_1_0.jpg,2
clean_dataset/helen_3/2325337095_2_1.jpg,2
clean_dataset/helen_3/2385498145_1_5.jpg,2
clean_dataset/helen_3/2449151024_2_0.jpg,2
clean_dataset/helen_3/2587184713_1_0.jpg,1
clean_dataset/helen_3/2356460241_1_0.jpg,2
clean_dataset/helen_3/2563042318_1_0.jpg,2
clean_dataset/helen_3/2551040609_1_0.jpg,2
clean_dataset/helen_3/2547802012_1_0.jpg,2
clean_dataset/helen_3/2376315231_1_0.jpg,2
clean_dataset/helen_3/2421145346_1_0.jpg,0
clean_dataset/helen_3/2458204984_1_0.jpg,1
clean_dataset/helen_3/2527422664_1_0.jpg,2
clean_dataset/helen_3/2545119553_1_0.jpg,2
clean_dataset/helen_3/2550746669_1_0.jpg,2
clean_dataset/helen_3/2389313905_1_0.jpg,2
clean_dataset/helen_3/2511905092_1_0.jpg,2
clean_dataset/helen_3/2331853202_1_0.jpg,1
clean_dataset/helen_3/2344221437_1_1.jpg,1
clean_dataset/helen_3/2548725859_2_0.jpg,2
clean_dataset/helen_3/2416614295_1_0.jpg,2